Actual,Predicted
62,62.828444052219965
68,68.57887769696602
90,90.10279662822191
52,51.36089893795077
